CME_num,LASCO_Start,Start_Date,Arrival_Date,PE_duration,Arrival_v,Transit_time,Transit_time_err,LASCO_Date,LASCO_v,LASCO_pa,LASCO_da,LASCO_halo,v_r,v_r_err,Theta_source,Phi_source,source_err,POS_source_angle,rel_wid,Mass,Bz,DST,v_r_stat,Accel.,Analyitic_w,Analyitic_gamma,filename
index,datetime,datetime,datetime,hours,km/s,hours,hours,datetime,km/s,deg,deg,,km/s,km/s,arcsec,arcsec,arcsec,deg,rad,g,nT,,km/s,m/s^2,km/s,km^-1,
1,1997-01-06 16:23:38.000,1997-01-07 08:35:05.600,1997-01-10 04:00:00,22.0,450,67.41499999999999,4.8468,1997-01-06 15:10:42,136.0,-9999.0,360.0,FH,190.53,60.452,25.21014298570143,-3.2217961203879613,43.5007998158663,64.59817956074806,0.5585053606381855,580000000000000.0,14,-78.0,181.172,0,0,0,CME_01_param_inv.csv
2,1997-02-07 01:30:05.000,1997-02-07 07:35:12.440,1997-02-10 02:00:00,17.0,450,66.41305555555556,0.5358,1997-02-07 00:30:05,490.0,-9999.0,360.0,FH,705.35,104.89,46.03742908569715,-11.99570447651745,20.0,42.767846882746575,0.7853981633974483,4100000000000000.0,8,-68.0,544.73,17.923,0,0,CME_02_param_inv.csv
3,1997-04-07 14:27:44.000,1997-04-07 17:26:59.000,1997-04-11 06:00:00,13.0,460,84.55027777777778,0.31099,1997-04-07 14:27:44,878.0,-9999.0,360.0,FH,1133.7,245.12,-23.080610969451527,-28.472798860056997,20.0,53.96714527190093,1.1519173063162575,1e+16,20,-82.0,943.2059999999999,8.9076,0,0,CME_03_param_inv.csv
4,1997-05-12 06:30:09.000,1997-05-12 09:00:08.640,1997-05-15 09:00:00,15.0,450,71.9975,0.67418,1997-05-12 05:30:05,464.0,-9999.0,360.0,FH,774.63,202.88,7.137241575842416,21.786561343865614,20.0,67.12833866887516,0.7853981633974483,4200000000000000.0,21,-115.0,518.028,0,395.56,6.0698e-08,CME_04_param_inv.csv
5,1997-05-21 22:00:05.000,1997-05-22 07:41:17.480,1997-05-26 16:00:00,18.0,340,104.31166666666667,0.35945,1997-05-21 21:00:53,296.0,263.0,165.0,PH,354.13,46.671,-63.993600639936005,-35.99640035996401,20.0,20.777946179371117,0.5585053606381855,2200000000000000.0,10,-74.0,345.49199999999996,2.5211,0,0,CME_05_param_inv.csv
6,1997-07-30 04:45:47.000,1997-07-31 00:19:26.600,1997-08-03 13:00:00,14.0,400,84.67583333333333,3.0542,1997-07-30 04:45:47,104.0,-9999.0,360.0,FH,157.85,26.257,-0.9836613169341545,24.341924903754812,20.0,65.63941772463357,0.5585053606381855,820000000000000.0,16,-48.0,148.308,0,0,0,CME_06_param_inv.csv
7,1997-08-30 01:30:35.000,1997-08-30 06:56:41.000,1997-09-03 13:00:00,8.0,410,102.05527777777777,1.1642,1997-08-30 01:30:35,371.0,-9999.0,360.0,FH,557.61,126.31,3.9037042765241163,19.325314156194793,20.0,70.29913238371363,0.7853981633974483,1700000000000000.0,14,-98.0,422.517,0,0,0,CME_07_param_inv.csv
8,1997-09-17 21:28:13.000,1997-09-18 01:21:42.760,1997-09-21 21:00:00,19.0,440,91.63805555555555,0.57885,1997-09-17 20:28:48,377.0,-9999.0,360.0,FH,545.09,72.859,-5.409235676432357,28.270681931806823,20.0,61.25846284238434,0.7853981633974483,2600000000000000.0,16,-36.0,428.679,0,0,0,CME_08_param_inv.csv
9,1997-09-28 01:08:33.000,1997-09-28 06:02:03.120,1997-10-01 16:00:00,31.0,450,81.96555555555555,0.63679,1997-09-28 01:08:33,359.0,-9999.0,360.0,FH,603.39,81.782,12.157430085663812,-21.45347255091497,20.0,65.48344329801473,0.7853981633974483,4000000000000000.0,10,-98.0,410.193,0,448.39,2.0866e-06,CME_09_param_inv.csv
10,1997-10-06 15:28:20.000,1997-10-06 23:13:39.440,1997-10-10 22:00:00,26.0,400,94.77222222222223,1.1473,1997-10-06 15:28:20,293.0,139.0,174.0,PH,749.38,136.73,-17.52726327367263,23.58865213478652,20.0,60.914473022040546,0.7853981633974483,2900000000000000.0,12,-130.0,342.411,25.014,0,0,CME_010_param_inv.csv
11,1997-10-23 12:42:37.000,1997-10-23 16:45:38.800,1997-10-27 00:00:00,31.0,500,79.23916666666666,0.41318,1997-10-23 11:26:50,503.0,-9999.0,360.0,FH,706.03,161.65,15.952924353782313,16.59613119344033,20.0,67.13663884354484,0.7853981633974483,8200000000000000.0,7,-60.0,558.0809999999999,6.1936,0,0,CME_011_param_inv.csv
12,1997-11-04 06:10:05.000,1997-11-04 08:46:51.440,1997-11-07 04:00:00,56.0,400,67.21888888888888,0.26893,1997-11-04 06:10:05,785.0,-9999.0,360.0,FH,1011.2,274.55,32.7143942124924,-13.676910542723105,20.0,54.83704354848862,1.1519173063162575,7500000000000000.0,11,-110.0,847.6949999999999,-45.0,244.25,2.1144e-08,CME_012_param_inv.csv
13,1997-12-06 10:55:05.000,1997-12-06 18:05:36.800,1997-12-10 18:00:00,30.0,350,95.90638888888888,0.87071,1997-12-06 10:27:05,397.0,317.0,223.0,HH,682.83,82.428,34.14089845507724,-3.907835108244589,20.0,55.66314058761385,0.7853981633974483,2e+16,12,-60.0,449.21899999999994,17.879,331.05,1.4461e-07,CME_013_param_inv.csv
14,1997-12-26 02:52:55.000,1997-12-26 14:06:57.400,1997-12-30 10:00:00,25.0,370,91.88388888888889,1.4953,1997-12-26 02:31:54,197.0,186.0,230.0,HH,269.24,38.142,-27.040973634212197,6.153383553881537,20.0,62.31927795015106,0.5585053606381855,1900000000000000.0,12,-77.0,243.819,0,0,0,CME_014_param_inv.csv
15,1998-01-03 00:57:18.000,1998-01-03 05:32:03.840,1998-01-07 01:00:00,45.0,400,91.46555555555555,0.55225,1998-01-02 23:28:20,438.0,-9999.0,360.0,FH,650.72,81.078,24.41517712057199,1.6850003749906255,20.0,65.53030196173285,0.7853981633974483,5500000000000000.0,16,-77.0,491.32599999999996,0,397.75,1.3375e-06,CME_015_param_inv.csv
16,1998-01-17 04:40:15.000,1998-01-17 08:52:53.160,1998-01-21 06:00:00,31.0,380,93.11833333333334,0.85226,1998-01-17 04:09:20,350.0,-9999.0,360.0,FH,608.05,119.62,8.198075298117548,-10.422731681707958,20.0,76.76754817728778,0.7853981633974483,1600000000000000.0,13,-11.0,400.95,0,371.25,3.2821e-07,CME_016_param_inv.csv
17,1998-01-25 15:51:45.000,1998-01-25 17:41:59.640,1998-01-29 20:00:00,29.0,380,98.3,0.38622,1998-01-25 15:26:34,693.0,-9999.0,360.0,FH,1319.9,251.46,4.281401539961502,0.28640833979150426,20.0,85.70904717477839,1.1519173063162575,1.1e+16,7,-55.0,753.2109999999999,0,0,0,CME_017_param_inv.csv
18,1998-02-14 06:55:05.000,1998-02-15 03:01:15.800,1998-02-17 10:00:00,11.0,400,54.97888888888889,2.145,1998-02-14 06:55:05,123.0,137.0,206.0,HH,154.19,17.325,-38.33982033932203,-6.32373220892637,20.0,51.22149837025598,0.5585053606381855,1900000000000000.0,12,-100.0,167.82099999999997,0,0,0,CME_018_param_inv.csv
19,1998-02-28 12:48:00.000,1998-02-28 23:11:13.200,1998-03-04 13:00:00,44.0,350,85.81277777777778,2.0258,1998-02-28 12:48:00,176.0,236.0,169.0,PH,285.12,59.522,7.763329744504259,-18.869034016099732,20.0,69.65024956804069,0.5585053606381855,490000000000000.0,12,-36.0,222.25199999999998,0,0,0,CME_019_param_inv.csv
20,1998-04-29 16:58:54.000,1998-04-29 18:46:12.960,1998-05-02 05:00:00,45.0,520,58.22972222222222,0.1254,1998-04-29 16:58:54,1374.0,-9999.0,360.0,FH,1679.8,118.55,-33.297713557161075,-10.855222619434516,20.0,55.172290411942384,1.1519173063162575,1e+16,11,-85.0,1452.598,0,466.2,8.4746e-08,CME_020_param_inv.csv
21,1998-05-02 14:06:12.000,1998-05-02 16:17:35.640,1998-05-04 10:00:00,85.0,550,41.70666666666666,0.20944,1998-05-02 14:06:12,938.0,-9999.0,360.0,FH,1358.3,129.76,-10.509409971800565,-10.981955760884784,20.0,74.84440149440042,1.1519173063162575,7700000000000000.0,10,-205.0,1004.8259999999999,0,0,0,CME_021_param_inv.csv
22,1998-06-21 06:15:22.000,1998-06-22 00:12:50.800,1998-06-24 16:00:00,31.0,450,63.78583333333333,1.9422,1998-06-21 05:35:10,148.0,289.0,78.0,N,171.01,19.302,311.24315566104167,-903.915758272947,20.0,-41.125988879247174,0.6806784082777885,-9999.0,12,-25.0,193.49599999999998,0,0,0,CME_022_param_inv.csv
23,1998-10-15 10:04:36.000,1998-10-15 14:34:26.280,1998-10-19 04:00:00,27.0,390,85.42583333333333,1.497,1998-10-15 10:04:36,262.0,-9999.0,360.0,FH,431.31,134.1,11.999400029998501,-1.9999000049997504,20.0,77.83749409655222,0.5585053606381855,-9999.0,18,-112.0,310.57399999999996,0,0,0,CME_023_param_inv.csv
24,1998-11-04 07:54:06.000,1998-11-04 12:15:05.280,1998-11-07 22:00:00,27.0,450,81.74833333333333,0.57452,1998-11-04 07:54:06,523.0,-9999.0,360.0,FH,721.42,98.307,-1.3427466417786074,5.123735542148595,20.0,84.70369698892446,0.7853981633974483,-9999.0,15,-81.0,578.621,0,448.29,1.973e-06,CME_024_param_inv.csv
25,1998-11-05 20:44:02.000,1998-11-05 22:57:36.320,1998-11-09 01:00:00,48.0,450,74.03972222222222,0.18544,1998-11-05 20:44:02,1118.0,-9999.0,360.0,FH,1320.6,110.54,-18.63240687655206,11.875582240295996,20.0,68.0187533080302,1.1519173063162575,-9999.0,12,-149.0,1189.686,0,431.53,1.9887e-07,CME_025_param_inv.csv
26,1998-11-09 18:17:55.000,1998-11-09 21:59:40.600,1998-11-13 02:00:00,34.0,390,76.00527777777778,1.7059,1998-11-09 18:17:55,325.0,330.0,190.0,HH,739.16,361.64,8.681754853064337,-5.011189360133,20.0,79.98539546744027,0.7853981633974483,-9999.0,17,-131.0,375.275,0,264.16,2.1347e-08,CME_026_param_inv.csv
27,1999-04-13 03:30:05.000,1999-04-13 10:02:37.280,1999-04-16 18:00:00,25.0,410,79.95611111111111,1.075,1999-04-13 03:30:05,291.0,228.0,261.0,HH,466.56,81.411,-2.1549314581220274,-22.62485878773161,20.0,67.27811557126566,0.5585053606381855,1400000000000000.0,18,-91.0,340.35699999999997,0,0,0,CME_027_param_inv.csv
28,1999-04-18 08:30:05.000,1999-04-18 14:15:42.080,1999-04-21 04:00:00,34.0,490,61.738055555555555,0.69155,1999-04-18 08:30:05,475.0,59.0,112.0,PH,563.21,70.719,36.797409419686005,19.96855438152062,20.0,48.81758260438564,0.7853981633974483,1200000000000000.0,8,-29.0,529.3249999999999,0,0,0,CME_028_param_inv.csv
29,1999-06-24 13:31:24.000,1999-06-24 16:15:21.360,1999-06-27 22:00:00,30.0,670,77.74388888888889,0.29549,1999-06-24 13:31:24,975.0,-9999.0,360.0,FH,1434.8,355.89,-29.315743404276592,3.3203919934667754,20.0,60.513421644532016,1.1519173063162575,2300000000000000.0,7,-41.0,1042.8249999999998,55.024,0,0,CME_029_param_inv.csv
30,1999-07-03 19:54:05.000,1999-07-04 00:47:21.440,1999-07-06 21:00:00,5.0,460,68.21055555555556,0.57148,1999-07-03 19:54:05,536.0,301.0,139.0,PH,826.23,107.84,5.667386993550107,-22.83227412876452,20.0,66.51143946872722,0.7853981633974483,8400000000000000.0,10,-4.0,591.972,19.577,379.6,4.1531e-08,CME_030_param_inv.csv
31,1999-07-23 21:30:09.000,1999-07-24 03:32:04.200,1999-07-27 17:00:00,43.0,390,85.46527777777777,0.98946,1999-07-23 21:30:09,329.0,75.0,123.0,PH,512.63,134.25,19.61726421226313,21.478511358144033,20.0,61.228015575422106,0.7853981633974483,7500000000000000.0,6,-38.0,379.383,0.50588,270.15,1.3714e-08,CME_031_param_inv.csv
32,1999-07-28 04:30:05.000,1999-07-28 10:37:32.120,1999-07-30 20:00:00,12.0,620,57.37416666666667,0.46152,1999-07-28 04:30:05,361.0,112.0,189.0,HH,504.45,39.813,-18.703381165470866,22.52983725406865,20.0,61.033359002629375,0.7853981633974483,-9999.0,9,-52.0,412.24699999999996,0,0,0,CME_032_param_inv.csv
33,1999-07-28 09:30:06.000,1999-07-28 12:43:57.240,1999-07-31 19:00:00,35.0,480,78.26722222222222,0.54992,1999-07-28 09:06:05,462.0,-9999.0,360.0,FH,802.39,137.77,0.14840699186016343,6.099740005199896,20.0,83.89846171073742,0.7853981633974483,190000000000000.0,5,-39.0,515.9739999999999,0,0,0,CME_033_param_inv.csv
34,1999-08-09 03:26:05.000,1999-08-09 09:00:49.760,1999-08-12 03:00:00,45.0,380,65.98611111111111,0.6791,1999-08-09 03:26:05,395.0,197.0,212.0,HH,565.03,71.867,26.285498110037803,3.4389208215835705,20.0,63.5063811956472,0.7853981633974483,1000000000000000.0,6,-13.0,447.16499999999996,0,0,0,CME_034_param_inv.csv
35,1999-09-20 06:30:06.000,1999-09-20 09:02:08.760,1999-09-22 19:00:00,32.0,530,57.96416666666667,0.67496,1999-09-20 06:06:05,604.0,-9999.0,360.0,FH,973.92,272.38,9.995428191436172,11.698350632987342,20.0,74.65838961316683,1.1519173063162575,890000000000000.0,11,-173.0,661.808,0,413.42,3.2556e-08,CME_035_param_inv.csv
36,2000-01-18 17:54:05.000,2000-01-18 20:20:01.640,2000-01-22 17:00:00,9.0,380,92.6661111111111,0.24173,2000-01-18 17:54:05,739.0,-9999.0,360.0,FH,1132.6,113.84,13.6291779602755,-3.996424957188036,20.0,75.8076280107179,1.1519173063162575,6900000000000000.0,16,-97.0,800.453,0,374.03,4.9825e-07,CME_036_param_inv.csv
37,2000-02-08 09:30:05.000,2000-02-08 11:56:59.600,2000-02-11 16:00:00,4.0,420,76.05,0.22087,2000-02-08 09:30:05,1079.0,-9999.0,360.0,FH,1364.0,306.06,38.85350829273869,-3.881644119369724,20.0,50.983618331058736,1.1519173063162575,-9999.0,7,-25.0,1149.6329999999998,24.337,393.68,1.3502e-07,CME_037_param_inv.csv
38,2000-02-10 03:18:05.000,2000-02-10 05:07:24.920,2000-02-12 12:00:00,12.0,540,54.87638888888889,0.20249,2000-02-10 02:30:05,944.0,-9999.0,360.0,FH,1097.2,122.95,-3.2679096607355396,30.039474626663555,20.0,59.79979865639957,1.1519173063162575,64000000000000.0,13,-133.0,1010.9879999999999,0,400.99,2.9143e-08,CME_038_param_inv.csv
39,2000-02-12 04:31:20.000,2000-02-12 06:54:10.160,2000-02-14 12:00:00,44.0,520,53.096944444444446,0.23592,2000-02-12 04:31:20,1107.0,-9999.0,360.0,FH,1286.9,254.35,23.657925551861208,0.6153293667658306,20.0,66.33453349585105,1.1519173063162575,1600000000000000.0,5,-67.0,1178.389,-7.7876,351.78,2.5505e-08,CME_039_param_inv.csv
40,2000-02-17 19:31:23.000,2000-02-18 01:18:04.880,2000-02-21 05:00:00,31.0,380,75.6986111111111,0.11546,2000-02-17 19:31:23,543.0,186.0,64.0,N,566.07,11.598,-950.7629319720693,-99.92921088387698,20.0,6.261596630547458,0.5585053606381855,-9999.0,15,-26.0,599.161,0,0,0,CME_040_param_inv.csv
41,2000-04-04 16:43:01.000,2000-04-04 17:02:59.728,2000-04-07 06:00:00,24.0,560,60.95,0.30158,2000-04-04 16:32:37,1188.0,-9999.0,360.0,FH,1648.4,552.38,9.84595920867326,0.7955890367580278,20.0,80.12226586137672,1.1519173063162575,4500000000000000.0,6,-288.0,1261.5759999999998,0,543.9,2.7898e-07,CME_041_param_inv.csv
42,2000-04-15 10:35:41.000,2000-04-15 13:27:24.560,2000-04-18 20:00:00,18.0,460,78.54305555555555,0.32308,2000-04-15 10:35:41,716.0,93.0,176.0,PH,1095.2,129.83,-11.75795438223289,20.499381460168543,20.0,66.49451211242535,1.1519173063162575,430000000000000.0,10,-14.0,776.832,0,456.24,9.3406e-07,CME_042_param_inv.csv
43,2000-04-29 04:30:05.000,2000-04-29 09:23:25.760,2000-05-02 20:00:00,62.0,500,82.60944444444445,0.45684,2000-04-29 04:30:05,551.0,143.0,109.0,PH,704.87,104.24,-42.26821061973451,11.569907752306195,20.0,46.46618867130976,0.7853981633974483,1.1e+16,6,-37.0,607.377,5.3424,0,0,CME_043_param_inv.csv
44,2000-05-10 20:06:07.000,2000-05-10 23:13:02.080,2000-05-13 17:00:00,25.0,500,65.7825,0.29819,2000-05-10 20:06:07,641.0,83.0,205.0,HH,921.9,92.158,-16.218865311346892,16.2039578604214,20.0,67.22870676276236,1.1519173063162575,4400000000000000.0,8,-2.0,699.8069999999999,0,459.1,9.4128e-08,CME_044_param_inv.csv
45,2000-05-13 13:42:05.000,2000-05-13 16:37:51.920,2000-05-16 23:00:00,8.0,550,78.36888888888889,0.19786,2000-05-13 12:26:05,666.0,166.0,182.0,HH,818.34,223.73,-43.43145195068642,-0.907971600405709,20.0,46.56094928348772,0.7853981633974483,4100000000000000.0,9,-92.0,725.482,12.292,0,0,CME_045_param_inv.csv
46,2000-05-20 14:50:05.000,2000-05-20 22:02:32.720,2000-05-23 09:00:00,12.0,570,58.957499999999996,0.71147,2000-05-20 14:50:05,348.0,232.0,139.0,PH,432.98,44.445,-40.04240558648045,-19.281269624345857,20.0,46.271794653114554,0.5585053606381855,300000000000000.0,8,-10.0,398.89599999999996,0,0,0,CME_046_param_inv.csv
47,2000-05-21 07:26:53.000,2000-05-21 10:53:46.160,2000-05-24 12:00:00,70.0,530,73.1036111111111,0.31911,2000-05-21 07:26:53,629.0,304.0,138.0,PH,911.35,88.106,18.917562827079703,-20.97248141687315,20.0,62.045087401809454,1.1519173063162575,9000000000000000.0,5,-147.0,687.483,0,0,0,CME_047_param_inv.csv
48,2000-05-31 08:06:05.000,2000-05-31 13:36:11.120,2000-06-04 22:00:00,48.0,470,104.39666666666666,0.52935,2000-05-31 08:06:05,391.0,46.0,126.0,PH,569.63,57.102,26.05894001177765,6.423572926967479,20.0,63.21486954030626,0.7853981633974483,1900000000000000.0,9,-35.0,443.05699999999996,0,0,0,CME_048_param_inv.csv
49,2000-06-06 15:54:05.000,2000-06-06 17:42:43.160,2000-06-08 12:00:00,53.0,610,42.28777777777778,0.19634,2000-06-06 15:54:05,1119.0,-9999.0,360.0,FH,1553.8,171.47,-26.863425331493374,10.047600847983043,20.0,61.4504779476446,1.1519173063162575,1.8e+16,11,-90.0,1190.713,0,273.39,1.4384e-08,CME_049_param_inv.csv
50,2000-07-07 10:26:05.000,2000-07-07 14:40:49.160,2000-07-11 02:00:00,12.0,440,83.31944444444444,0.6551,2000-07-07 10:26:05,453.0,-9999.0,360.0,FH,731.72,119.42,2.7304578220311173,-9.400101284267368,20.0,80.21479267585339,0.7853981633974483,1800000000000000.0,13,0.0,506.73099999999994,0,437.88,1.5623e-06,CME_050_param_inv.csv
51,2000-07-11 13:27:23.000,2000-07-11 15:13:52.280,2000-07-13 13:00:00,26.0,610,45.76861111111111,0.18301,2000-07-11 13:27:23,1078.0,-9999.0,360.0,FH,1405.1,147.12,1.0189955900629983,1.4071491835830916,20.0,88.26269977859329,1.1519173063162575,-9999.0,7,-43.0,1148.606,0,398.31,2.2642e-08,CME_051_param_inv.csv
52,2000-07-12 20:30:05.000,2000-07-12 23:45:29.840,2000-07-14 17:00:00,21.0,780,41.24166666666667,0.24381,2000-07-12 20:30:05,820.0,281.0,101.0,PH,952.82,155.16,31.489717454709105,-18.840693988433532,20.0,53.80817299833322,1.1519173063162575,7400000000000000.0,9,-57.0,883.6399999999999,-4.9159,0,0,CME_052_param_inv.csv
53,2000-07-14 10:54:07.000,2000-07-14 12:13:07.840,2000-07-15 19:00:00,37.0,740,30.781111111111112,0.21774,2000-07-14 10:54:07,1674.0,-9999.0,360.0,FH,2031.7,349.5,26.701726540918244,-0.44969770377870355,20.0,63.294765094615705,1.1519173063162575,1.4e+16,20,-301.0,1760.6979999999999,0,0,0,CME_053_param_inv.csv
54,2000-07-17 08:54:05.000,2000-07-17 11:58:46.160,2000-07-20 01:00:00,31.0,530,61.02027777777778,0.42056,2000-07-17 08:54:05,788.0,95.0,116.0,PH,1431.9,278.64,-3.3402459877006145,18.570643467826606,20.0,71.14177923038717,1.1519173063162575,7500000000000000.0,8,-93.0,850.776,72.618,496.44,1.3078e-07,CME_054_param_inv.csv
55,2000-07-23 05:30:05.000,2000-07-23 09:24:25.880,2000-07-27 02:00:00,24.0,360,88.59277777777777,0.29004,2000-07-23 05:30:05,631.0,161.0,181.0,HH,792.55,61.592,32.258843278918036,8.696180195495113,20.0,56.71216230353328,0.7853981633974483,3100000000000000.0,6,-42.0,689.5369999999999,0,326.32,8.6363e-08,CME_055_param_inv.csv
56,2000-07-25 03:30:05.000,2000-07-25 08:06:24.440,2000-07-28 12:00:00,49.0,440,75.89305555555555,0.37478,2000-07-25 03:30:05,528.0,-9999.0,360.0,FH,674.53,57.667,39.44456780720323,-0.21560298995016697,20.0,50.554939125834004,0.7853981633974483,1600000000000000.0,9,-71.0,583.756,0,396.26,7.0531e-08,CME_056_param_inv.csv
57,2000-08-06 22:30:05.000,2000-08-07 04:45:06.080,2000-08-10 19:00:00,26.0,430,86.24805555555555,1.5541,2000-08-06 22:30:05,211.0,332.0,122.0,PH,451.24,116.42,5.931153791758629,-6.562595038606866,20.0,81.16302332880218,0.5585053606381855,-9999.0,12,-106.0,258.197,0,428.2,1.6467e-06,CME_057_param_inv.csv
58,2000-08-09 16:30:05.000,2000-08-09 19:48:12.560,2000-08-12 05:00:00,41.0,580,57.19638888888889,0.63541,2000-08-09 16:30:05,702.0,-9999.0,360.0,FH,928.29,185.07,29.112037779622206,-2.447315926840731,57.687642982640234,60.794255227560036,1.1519173063162575,7000000000000000.0,18,-235.0,762.454,0,522.83,7.2978e-08,CME_058_param_inv.csv
59,2000-08-29 18:30:06.000,2000-08-29 20:44:58.800,2000-09-02 22:00:00,15.0,420,97.25027777777778,0.30345,2000-08-29 18:30:06,769.0,347.0,122.0,PH,1200.7,161.68,-15.22158928410716,0.3654980150198501,20.0,74.77412690885909,1.1519173063162575,1900000000000000.0,8,-20.0,831.2629999999999,0,0,0,CME_059_param_inv.csv
60,2000-09-05 05:54:05.000,2000-09-05 08:46:29.600,2000-09-08 12:00:00,46.0,450,75.225,0.408,2000-09-05 05:54:05,473.0,3.0,138.0,PH,945.28,122.07,14.462993970060301,-0.20830401695983125,20.0,75.53553804678275,1.1519173063162575,3200000000000000.0,5,-48.0,527.271,0,430.62,1.8337e-07,CME_060_param_inv.csv
61,2000-10-02 20:26:05.000,2000-10-02 23:00:14.480,2000-10-05 13:00:00,46.0,450,61.99583333333334,0.39345,2000-10-02 20:26:05,569.0,-9999.0,360.0,FH,1102.0,165.06,7.844989360106401,5.506926240737594,20.0,80.42502067865114,1.1519173063162575,3900000000000000.0,6,-182.0,625.8629999999999,0,314.27,2.7322e-08,CME_061_param_inv.csv
62,2000-10-09 23:50:05.000,2000-10-10 01:59:33.440,2000-10-13 16:00:00,25.0,400,86.00722222222223,0.22957,2000-10-09 23:50:05,798.0,295.0,175.0,PH,1239.3,129.83,-14.993212584842693,-11.563088386395172,20.0,71.14722027818,1.1519173063162575,1.4e+16,12,-107.0,861.0459999999999,0,390.22,3.2631e-07,CME_062_param_inv.csv
63,2000-10-25 09:06:05.000,2000-10-25 12:49:10.160,2000-10-28 21:00:00,25.0,380,80.18027777777777,0.3538,2000-10-25 08:26:05,770.0,-9999.0,360.0,FH,1196.1,151.64,-11.624644833879154,21.737320566985826,20.0,65.48307494431693,1.1519173063162575,1.7e+16,14,-127.0,832.29,49.504,341.87,8.6806e-08,CME_063_param_inv.csv
64,2000-12-18 11:50:05.000,2000-12-18 15:45:38.960,2000-12-23 00:00:00,12.0,320,104.23916666666666,0.5779,2000-12-18 11:50:05,510.0,-9999.0,360.0,FH,775.49,118.92,-0.5725451350694986,5.455968629019585,20.0,84.51416276379564,0.7853981633974483,-9999.0,12,-62.0,565.27,0,304.98,1.7178e-07,CME_064_param_inv.csv
65,2001-01-20 21:30:08.000,2001-01-20 22:49:35.840,2001-01-24 09:00:00,46.0,400,82.17333333333333,0.2105,2001-01-20 21:30:08,1507.0,-9999.0,360.0,FH,2205.0,344.38,19.385947767247032,7.728858746013935,inf,69.1853311659511,1.1519173063162575,1.8e+16,4,-61.0,1589.1889999999999,0,386.0,2.3962e-07,CME_065_param_inv.csv
66,2001-02-28 14:50:05.000,2001-02-28 22:34:17.120,2001-03-04 04:00:00,22.0,440,77.42833333333333,0.51129,2001-02-28 14:50:05,313.0,252.0,232.0,HH,418.03,28.975,29.26705689918716,-10.858788160169143,20.0,58.95145421075148,0.5585053606381855,2400000000000000.0,8,-73.0,362.95099999999996,0,0,0,CME_066_param_inv.csv
67,2001-03-16 03:50:05.000,2001-03-16 09:43:13.520,2001-03-19 17:00:00,55.0,360,79.27944444444445,1.5277,2001-03-16 03:50:05,271.0,7.0,281.0,FH,542.06,146.41,9.542733662663377,1.031880911190888,21.104090653284196,80.40215232495044,0.7853981633974483,1000000000000000.0,15,-149.0,319.81699999999995,6.0587,0,0,CME_067_param_inv.csv
68,2001-03-25 17:06:05.000,2001-03-25 20:06:25.520,2001-03-28 17:00:00,49.0,480,68.89277777777778,0.32117,2001-03-25 17:06:05,677.0,-9999.0,360.0,FH,910.79,258.25,-24.248023760455897,15.351811610925727,inf,61.55113120947568,1.1519173063162575,3300000000000000.0,3,-51.0,736.779,-21.683,445.64,1.0867e-07,CME_068_param_inv.csv
69,2001-03-28 13:27:24.000,2001-03-28 16:00:40.200,2001-03-31 05:00:00,17.0,640,60.98861111111111,0.44547,2001-03-28 12:50:05,519.0,-9999.0,360.0,FH,959.86,161.9,7.448366287579206,-1.698663648512287,20.0,82.36145662601272,1.1519173063162575,3000000000000000.0,33,-387.0,574.5129999999999,0,0,0,CME_069_param_inv.csv
70,2001-03-29 10:50:07.000,2001-03-29 13:03:40.240,2001-04-01 04:00:00,59.0,600,62.938611111111115,0.20166,2001-03-29 10:26:05,942.0,-9999.0,360.0,FH,1156.1,107.84,18.717169039398822,19.12840596612797,20.0,63.485413549266845,1.1519173063162575,2800000000000000.0,5,0,1008.934,0,0,0,CME_070_param_inv.csv
71,2001-04-02 22:06:07.000,2001-04-02 22:50:56.596,2001-04-04 18:00:00,18.0,650,43.15083333333334,0.10462,2001-04-02 22:06:07,2505.0,261.0,244.0,HH,3217.6,436.65,3.1239095174206883,-14.869123448971262,20.0,74.81350827934249,1.1519173063162575,9200000000000000.0,9,-50.0,2614.1349999999998,0,565.78,7.4011e-08,CME_071_param_inv.csv
72,2001-04-06 19:54:01.000,2001-04-06 21:17:29.320,2001-04-08 14:00:00,14.0,740,40.70833333333333,0.14607,2001-04-06 19:30:02,1270.0,-9999.0,360.0,FH,1723.5,175.32,-4.797149109454341,-9.208619770891435,20.0,79.62634414928247,1.1519173063162575,8400000000000000.0,13,-59.0,1345.79,0,621.27,5.128e-08,CME_072_param_inv.csv
73,2001-04-10 05:30:00.000,2001-04-10 06:36:03.240,2001-04-11 22:00:00,33.0,640,39.39888888888889,0.10918,2001-04-10 05:30:00,2411.0,-9999.0,360.0,FH,2916.5,294.76,8.813003460983532,-21.907550868351926,20.0,66.4674360539387,1.1519173063162575,9100000000000000.0,14,-271.0,2517.5969999999998,0,478.23,4.0692e-08,CME_073_param_inv.csv
74,2001-04-11 13:54:14.000,2001-04-11 15:52:35.360,2001-04-13 09:00:00,27.0,730,41.123333333333335,0.24935,2001-04-11 13:31:48,1103.0,-9999.0,360.0,FH,1303.4,168.4,25.878293640918436,-21.029739556969623,44.675729091937534,57.118635939990895,1.1519173063162575,5300000000000000.0,9,-77.0,1174.281,0,477.42,1.8565e-08,CME_074_param_inv.csv
75,2001-04-26 12:30:05.000,2001-04-26 14:31:09.080,2001-04-28 14:00:00,60.0,550,47.480555555555554,0.20748,2001-04-26 12:30:05,1006.0,-9999.0,360.0,FH,1318.2,135.26,-7.311352545593182,3.548689553880577,20.0,81.87715396645211,1.1519173063162575,-9999.0,8,-47.0,1074.6619999999998,0,221.51,1.2476e-08,CME_075_param_inv.csv
76,2001-07-05 03:54:05.000,2001-07-05 10:57:28.400,2001-07-09 02:00:00,50.0,400,87.04194444444444,0.33238,2001-07-05 03:54:05,437.0,281.0,123.0,PH,701.2,47.613,32.365630859228524,-49.179062023449426,20.0,33.514280453459,0.7853981633974483,7000000000000000.0,5,-38.0,490.299,17.616,387.65,2.4824e-07,CME_076_param_inv.csv
78,2001-09-20 19:31:43.000,2001-09-20 21:28:44.800,2001-09-24 00:00:00,22.0,440,74.52083333333333,0.67754,2001-09-20 19:31:43,446.0,306.0,207.0,HH,1022.8,311.38,9.513890782811067,3.132535176952938,20.0,79.98818079320814,1.1519173063162575,1000000000000000.0,7,-73.0,499.542,0,412.8,1.3091e-07,CME_078_param_inv.csv
79,2001-09-27 05:06:05.000,2001-09-27 10:48:46.040,2001-09-29 11:00:00,37.0,560,48.18694444444444,0.86301,2001-09-27 04:54:05,509.0,226.0,182.0,HH,1143.5,131.67,-0.7745043033046445,-4.963416590556062,20.0,84.97666844863639,1.1519173063162575,1.8e+16,12,-66.0,564.2429999999999,63.809,86.058,6.7114e-09,CME_079_param_inv.csv
80,2001-09-28 08:54:34.000,2001-09-28 11:08:01.480,2001-10-01 08:00:00,16.0,490,68.86611111111111,0.22922,2001-09-28 08:54:34,846.0,-9999.0,360.0,FH,1318.1,138.03,7.081317540916213,4.508357140476218,20.0,81.61151359915497,1.1519173063162575,2e+16,9,-148.0,910.3419999999999,0,472.15,2.2114e-07,CME_080_param_inv.csv
81,2001-09-29 11:54:05.000,2001-09-29 14:50:14.960,2001-10-02 04:00:00,8.0,490,61.1625,1.1447,2001-09-29 11:54:05,509.0,114.0,216.0,HH,922.6,379.12,1.6019897626279684,9.88049083136461,20.0,79.99175446001958,1.1519173063162575,1400000000000000.0,8,-104.0,564.2429999999999,0,350.51,2.462e-08,CME_081_param_inv.csv
82,2001-10-09 11:30:05.000,2001-10-09 13:46:50.480,2001-10-12 04:00:00,5.0,560,62.219166666666666,0.16845,2001-10-09 11:30:05,973.0,-9999.0,360.0,FH,1222.6,92.325,-7.751944181733778,-27.60256321884699,20.0,61.412131506052766,1.1519173063162575,1.2e+16,22,-71.0,1040.771,0,546.47,3.2335e-07,CME_082_param_inv.csv
83,2001-10-19 16:50:05.000,2001-10-19 19:28:29.000,2001-10-21 20:00:00,86.0,460,48.52527777777778,0.28576,2001-10-19 16:50:05,901.0,-9999.0,360.0,FH,1100.1,296.02,28.046679444871803,15.081682474053508,20.0,58.44800290168344,1.1519173063162575,9000000000000000.0,9,-187.0,966.8269999999999,-22.252,0,0,CME_083_param_inv.csv
84,2001-10-22 18:26:06.000,2001-10-22 22:03:16.560,2001-10-27 03:00:00,33.0,420,100.94527777777778,0.34574,2001-10-22 18:26:06,618.0,131.0,106.0,PH,810.11,80.777,30.59475892068466,13.848825352910787,20.0,56.695686879414026,0.7853981633974483,1000000000000000.0,10,-27.0,676.1859999999999,0,0,0,CME_084_param_inv.csv
85,2001-10-25 15:26:05.000,2001-10-25 17:45:20.960,2001-10-29 22:00:00,39.0,360,100.24416666666667,0.26414,2001-10-25 15:26:05,1092.0,-9999.0,360.0,FH,1343.1,309.21,19.59822935316882,-15.37805832258301,20.0,65.27681243882238,1.1519173063162575,4200000000000000.0,5,-157.0,1162.984,2.3408,357.44,1.0816e-06,CME_085_param_inv.csv
86,2001-11-04 16:35:06.000,2001-11-04 17:51:48.960,2001-11-06 12:00:00,63.0,600,42.13638888888889,0.2071,2001-11-04 16:35:06,1810.0,-9999.0,360.0,FH,2122.8,480.78,17.23406959216031,5.923826831317642,20.0,71.8055122047157,1.1519173063162575,1.7e+16,7,-292.0,1900.37,-60.378,400.79,2.9264e-08,CME_086_param_inv.csv
87,2001-11-17 05:30:06.000,2001-11-17 06:49:49.680,2001-11-19 22:00:00,39.0,430,63.169444444444444,0.16523,2001-11-17 05:30:06,1379.0,-9999.0,360.0,FH,1826.3,224.01,-11.525992300085557,6.79817543693959,20.0,76.64193103392915,1.1519173063162575,1.3e+16,6,-47.0,1457.733,0,354.06,5.4916e-08,CME_087_param_inv.csv
88,2001-11-22 23:30:05.000,2001-11-23 01:02:57.440,2001-11-24 14:00:00,30.0,720,36.95055555555555,0.12382,2001-11-22 23:30:05,1437.0,-9999.0,360.0,FH,1770.0,143.16,21.357319433253657,-18.187308738650632,20.0,62.22684228193359,1.1519173063162575,1.8e+16,14,-221.0,1517.299,0,388.27,1.7221e-08,CME_088_param_inv.csv
89,2001-12-26 05:30:05.000,2001-12-26 06:56:45.920,2001-12-30 00:00:00,18.0,400,89.05388888888889,0.49105,2001-12-26 05:30:05,1446.0,281.0,212.0,HH,1989.6,684.9,-8.154588863016246,-9.821677076041773,60.57711723312497,77.25993867761842,1.1519173063162575,4800000000000000.0,16,-58.0,1526.542,0,396.12,8.0158e-07,CME_089_param_inv.csv
90,2002-03-15 23:06:06.000,2002-03-16 01:07:01.440,2002-03-19 05:00:00,35.0,380,75.88277777777778,0.2375,2002-03-15 23:06:06,957.0,-9999.0,360.0,FH,1329.1,385.83,3.0541084432013714,-7.616199909575319,20.0,81.79761830569367,1.1519173063162575,-9999.0,15,-37.0,1024.339,-10.046,326.32,6.4547e-08,CME_090_param_inv.csv
91,2002-03-20 17:54:05.000,2002-03-20 20:09:22.640,2002-03-24 12:00:00,32.0,450,87.84361111111112,0.81989,2002-03-20 17:54:05,603.0,-9999.0,360.0,FH,1184.6,441.43,10.709052261846729,-8.10182052724341,32.203987316394226,76.60014436239942,1.1519173063162575,-9999.0,15,-100.0,660.781,0,0,0,CME_091_param_inv.csv
92,2002-04-15 04:06:06.000,2002-04-15 06:22:55.800,2002-04-17 16:00:00,47.0,480,57.617777777777775,0.29865,2002-04-15 03:50:05,720.0,-9999.0,360.0,FH,1156.1,149.64,0.8355712515286956,-14.55858762000481,20.791545184923066,75.41797127718844,1.1519173063162575,1900000000000000.0,14,-127.0,780.9399999999999,0,317.11,2.3851e-08,CME_092_param_inv.csv
93,2002-04-17 08:26:05.000,2002-04-17 10:13:16.040,2002-04-20 00:00:00,42.0,500,61.77861111111111,0.26203,2002-04-17 08:26:05,1240.0,-9999.0,360.0,FH,1632.3,441.18,-6.300972712841092,-9.861851389357636,20.0,78.31388828820283,1.1519173063162575,-9999.0,8,-149.0,1314.9799999999998,-9.1891,456.93,1.0058e-07,CME_093_param_inv.csv
94,2002-05-08 13:50:05.000,2002-05-08 16:59:55.400,2002-05-11 15:00:00,9.0,430,70.00111111111111,1.8285,2002-05-08 13:50:05,614.0,-9999.0,360.0,FH,951.58,564.94,-18.05688719260673,2.39489670919409,20.0,71.79023535641275,1.1519173063162575,580000000000000.0,15,-110.0,672.078,0,353.76,4.541e-08,CME_094_param_inv.csv
95,2002-05-16 00:50:05.000,2002-05-16 04:07:46.640,2002-05-20 10:00:00,36.0,420,101.87027777777777,0.44801,2002-05-16 00:50:05,600.0,-9999.0,360.0,FH,886.18,179.8,-21.470252371845355,-8.715761477981527,20.0,66.90581223650868,0.7853981633974483,4200000000000000.0,7,-36.0,657.6999999999999,-11.583,0,0,CME_095_param_inv.csv
96,2002-05-22 03:50:05.000,2002-05-22 05:20:42.080,2002-05-23 20:00:00,46.0,590,38.65472222222222,0.20369,2002-05-22 03:50:05,1557.0,-9999.0,360.0,FH,1856.7,413.59,-27.15038251797203,2.2902195308941016,20.0,62.760511375121084,1.1519173063162575,-9999.0,11,-109.0,1640.5389999999998,-3.3949,104.21,1.0692e-08,CME_096_param_inv.csv
97,2002-07-15 20:30:05.000,2002-07-15 22:22:30.680,2002-07-18 12:00:00,21.0,460,61.624722222222225,0.52341,2002-07-15 20:30:05,1151.0,-9999.0,360.0,FH,1485.8,409.74,9.933113242891904,-4.360932768907705,84.64569020273838,79.16055871391528,1.1519173063162575,-9999.0,6,-17.0,1223.577,0,380.21,5.2418e-08,CME_097_param_inv.csv
98,2002-08-16 12:30:05.000,2002-08-16 13:54:36.680,2002-08-19 12:00:00,50.0,460,70.08972222222222,0.12577,2002-08-16 12:30:05,1585.0,-9999.0,360.0,FH,2100.6,189.86,33.79784425194685,-3.4879992500093753,20.0,56.04392378226611,1.1519173063162575,-9999.0,8,-106.0,1669.2949999999998,0,438.56,1.825e-07,CME_098_param_inv.csv
99,2002-09-05 16:54:06.000,2002-09-05 18:03:57.120,2002-09-08 04:00:00,16.0,470,57.93388888888889,0.27145,2002-09-05 16:54:06,1748.0,-9999.0,360.0,FH,2389.6,578.81,7.728490572326977,-2.764667392584527,32.290591407028074,81.7947253224248,1.1519173063162575,-9999.0,11,-181.0,1836.696,0,398.71,6.4849e-08,CME_099_param_inv.csv
100,2002-09-17 08:06:05.000,2002-09-17 10:47:35.120,2002-09-19 20:00:00,25.0,520,57.20666666666666,0.27944,2002-09-17 08:06:05,960.0,210.0,249.0,HH,1243.2,277.55,31.275258494830112,1.6447522249555002,20.0,58.68590068003916,1.1519173063162575,1.4e+16,5,-40.0,1027.42,14.877,429.56,4.7723e-08,CME_0100_param_inv.csv
101,2003-05-28 00:50:05.000,2003-05-28 02:31:25.760,2003-05-30 02:00:00,14.0,600,47.47611111111111,0.26104,2003-05-28 00:50:05,1366.0,-9999.0,360.0,FH,1744.5,427.11,-18.275496760081,-2.1893806404839875,20.0,71.59827507412449,1.1519173063162575,1.3e+16,20,-144.0,1444.3819999999998,53.314,486.1,4.672e-08,CME_0101_param_inv.csv
102,2003-05-29 01:27:12.000,2003-05-29 02:52:27.960,2003-05-30 22:00:00,27.0,680,43.12555555555555,0.1754,2003-05-29 01:27:12,1237.0,-9999.0,360.0,FH,1770.5,210.96,-1.6807485850283008,-5.943568608627829,20.0,83.82417755602741,1.1519173063162575,3900000000000000.0,7,-63.0,1311.899,0,561.88,4.9199e-08,CME_0102_param_inv.csv
103,2003-06-14 01:54:05.000,2003-06-14 05:01:34.280,2003-06-17 10:00:00,22.0,480,76.97361111111111,0.16375,2003-06-14 01:54:05,875.0,26.0,195.0,HH,993.26,214.69,45.78236969075773,-5.268585085372866,20.0,43.98255743864299,1.1519173063162575,4400000000000000.0,10,-141.0,940.1249999999999,1.688,478.97,3.5029e-06,CME_0103_param_inv.csv
104,2003-08-14 20:06:05.000,2003-08-15 01:15:31.640,2003-08-18 01:00:00,38.0,450,71.74111111111111,0.65497,2003-08-14 20:06:05,378.0,-9999.0,360.0,FH,606.2,81.618,26.32773417109715,-17.882210463158952,20.0,58.53649184178578,0.7853981633974483,-9999.0,18,-148.0,429.70599999999996,0,0,0,CME_0104_param_inv.csv
105,2003-10-22 08:54:05.000,2003-10-22 12:31:19.880,2003-10-24 21:00:00,15.0,560,56.477777777777774,0.70653,2003-10-22 08:30:32,719.0,286.0,267.0,HH,1320.5,353.25,-28.16110381493643,-4.002714921417977,38.34039064596886,61.57892205101543,1.1519173063162575,-9999.0,21,-36.0,779.9129999999999,75.884,507.28,8.7245e-08,CME_0105_param_inv.csv
106,2003-10-26 17:54:05.000,2003-10-26 19:41:17.840,2003-10-28 02:30:00,6.5,610,30.811666666666667,0.28143,2003-10-26 17:54:05,1537.0,270.0,171.0,PH,2014.8,378.38,-21.131767941068627,-12.795067064431187,20.0,65.44903574591362,1.1519173063162575,-9999.0,19,-32.0,1619.9989999999998,79.212,0,0,CME_0106_param_inv.csv
107,2003-10-28 11:30:05.000,2003-10-28 12:16:06.812,2003-10-29 11:00:00,16.0,1300,22.73138888888889,0.10996,2003-10-28 11:30:05,2459.0,-9999.0,360.0,FH,3173.4,456.6,-11.11873709635192,-15.75003448085377,20.0,70.80228006991035,1.1519173063162575,-9999.0,32,-353.0,2566.8929999999996,0,1067.3,4.6709e-08,CME_0107_param_inv.csv
108,2003-10-29 20:54:05.000,2003-10-29 22:01:29.600,2003-10-31 02:00:00,46.0,800,27.975,0.13046,2003-10-29 20:54:05,2029.0,-9999.0,360.0,FH,2792.4,333.3,1.7134607534633117,-14.507532986768963,20.0,75.39378748377926,1.1519173063162575,-9999.0,9,-383.0,2125.283,0,219.81,1.3255e-08,CME_0108_param_inv.csv
109,2003-11-18 08:50:05.000,2003-11-18 09:59:37.400,2003-11-20 10:00:00,22.0,580,48.00611111111111,0.28949,2003-11-18 08:50:05,1660.0,-9999.0,360.0,FH,2056.2,502.69,-20.025447075882074,0.368598006699888,58.50972011678022,69.97130016192988,1.1519173063162575,-9999.0,28,-422.0,1746.32,0,476.59,5.2293e-08,CME_0109_param_inv.csv
110,2004-01-20 00:06:05.000,2004-01-20 03:04:58.760,2004-01-22 08:00:00,33.0,560,52.91694444444445,0.23764,2004-01-20 00:06:05,965.0,-9999.0,360.0,FH,1369.4,216.81,32.47519409676506,-1.3040289828502853,20.0,57.50149859943251,1.1519173063162575,-9999.0,12,-130.0,1032.5549999999998,52.505,462.63,4.8123e-08,CME_0110_param_inv.csv
111,2004-01-21 04:54:05.000,2004-01-21 06:50:53.840,2004-01-23 23:00:00,29.0,490,64.15166666666667,0.32225,2004-01-21 04:54:05,762.0,-9999.0,360.0,FH,1324.1,223.85,10.574445127743612,-3.015161841907905,20.0,79.00879373510753,1.1519173063162575,-9999.0,10,-81.0,824.074,0,447.72,9.7475e-08,CME_0111_param_inv.csv
112,2004-07-20 13:31:52.000,2004-07-20 16:25:41.920,2004-07-22 18:00:00,38.0,560,49.571666666666665,0.51345,2004-07-20 13:31:52,710.0,-9999.0,360.0,FH,1208.3,337.63,8.276068323291922,7.454972525686858,20.0,78.8787398734189,1.1519173063162575,-9999.0,11,-99.0,770.67,34.217,307.68,1.5986e-08,CME_0112_param_inv.csv
113,2004-07-22 07:31:49.000,2004-07-22 10:04:29.200,2004-07-24 14:00:00,25.0,560,51.925,0.41733,2004-07-22 07:31:49,700.0,66.0,151.0,PH,1037.5,178.53,26.998650067496623,9.99950002499875,20.0,61.340096474947714,1.1519173063162575,-9999.0,20,-136.0,760.4,0,295.22,1.2997e-08,CME_0113_param_inv.csv
114,2004-07-23 16:30:06.000,2004-07-23 19:10:13.320,2004-07-25 20:00:00,26.0,640,48.82944444444445,2.0423,2004-07-23 16:06:06,824.0,-9999.0,360.0,FH,1054.7,838.79,36.20446168345792,-1.3823505162370942,83.25312344212571,53.77276488947724,1.1519173063162575,-9999.0,6,0,887.7479999999999,0,473.79,2.4433e-08,CME_0114_param_inv.csv
115,2004-07-25 15:06:05.000,2004-07-25 17:12:47.120,2004-07-27 02:00:00,20.0,870,32.78666666666667,0.14987,2004-07-25 14:54:05,1333.0,-9999.0,360.0,FH,1575.9,248.41,48.37982533915537,-5.604681643945202,20.0,41.37727296049038,1.1519173063162575,-9999.0,16,-170.0,1410.491,37.865,202.36,6.5215e-09,CME_0115_param_inv.csv
116,2004-09-12 00:36:06.000,2004-09-12 02:58:54.720,2004-09-14 15:00:00,45.0,550,60.018055555555556,0.089992,2004-09-12 00:36:06,1328.0,-9999.0,360.0,FH,1716.6,76.012,54.49727513624319,-8.499575021248937,20.0,35.05506032977863,1.1519173063162575,-9999.0,6,-38.0,1405.356,67.365,525.58,1.8562e-07,CME_0116_param_inv.csv
117,2004-09-14 10:12:05.000,2004-09-14 13:23:08.480,2004-09-18 12:00:00,36.0,400,94.61416666666666,1.1595,2004-09-14 10:12:05,462.0,-9999.0,360.0,FH,860.8,328.81,-15.996999933730184,2.9626381164134457,inf,73.73802202897821,0.7853981633974483,-9999.0,6,-33.0,515.9739999999999,0,0,0,CME_0117_param_inv.csv
118,2004-11-04 23:30:05.000,2004-11-05 01:39:34.880,2004-11-07 22:00:00,36.0,630,68.34027777777777,0.22692,2004-11-04 23:30:05,1055.0,338.0,293.0,FH,1366.0,315.66,-4.353199695007626,-9.289444013899654,20.0,79.74925779777418,1.1519173063162575,-9999.0,18,-374.0,1124.985,-7.2321,0,0,CME_0118_param_inv.csv
119,2004-11-07 16:54:05.000,2004-11-07 18:03:16.520,2004-11-09 20:00:00,51.0,640,49.945277777777775,0.12433,2004-11-07 16:54:05,1759.0,-9999.0,360.0,FH,2187.7,238.47,18.639695676810774,0.04433155561481348,20.0,71.36025347854127,1.1519173063162575,-9999.0,14,-263.0,1847.993,0,601.6,1.4131e-07,CME_0119_param_inv.csv
120,2004-11-10 02:26:05.000,2004-11-10 03:00:17.720,2004-11-12 08:00:00,39.0,520,52.995,0.069105,2004-11-10 02:26:05,3387.0,-9999.0,360.0,FH,4236.6,495.08,2.6285215739213044,-4.444080845957702,20.0,84.83810913689211,1.1519173063162575,-9999.0,7,-92.0,3519.9489999999996,0,463.28,9.1028e-08,CME_0120_param_inv.csv
121,2005-01-05 15:30:06.000,2005-01-05 18:07:08.640,2005-01-08 21:00:00,21.0,460,74.88083333333333,0.46771,2005-01-05 15:30:06,735.0,-9999.0,360.0,FH,1225.4,358.99,10.680850153746158,-1.486101822454438,20.0,79.21744855927246,1.1519173063162575,4500000000000000.0,9,0,796.3449999999999,29.377,447.95,3.032e-07,CME_0121_param_inv.csv
122,2005-01-13 17:54:05.000,2005-01-13 20:33:41.000,2005-01-16 14:00:00,17.0,520,65.43861111111111,1.5331,2005-01-13 17:54:05,495.0,-9999.0,360.0,FH,1043.7,628.74,-8.177112762907903,1.2303472550914971,20.0,81.73146713889078,1.1519173063162575,420000000000000.0,8,-65.0,549.865,0,498.45,1.8923e-07,CME_0122_param_inv.csv
123,2005-01-17 09:30:05.000,2005-01-17 10:23:55.244,2005-01-18 23:00:00,28.0,800,36.60111111111111,0.1216,2005-01-17 09:30:05,2094.0,-9999.0,360.0,FH,2882.4,387.08,5.380614484637885,-2.3056803079923,20.0,84.14751887469284,1.1519173063162575,3.2e+16,12,-80.0,2192.038,0,701.69,7.3721e-08,CME_0123_param_inv.csv
124,2005-01-20 06:54:05.000,2005-01-20 09:38:45.200,2005-01-21 19:00:00,22.0,810,33.35388888888889,0.32564,2005-01-20 06:54:05,882.0,-9999.0,360.0,FH,1041.4,127.38,43.323131062297925,-0.23983887203759888,20.0,46.67633668341755,1.1519173063162575,-9999.0,19,-97.0,947.314,0,0,0,CME_0124_param_inv.csv
125,2005-02-17 00:06:05.000,2005-02-17 02:13:40.040,2005-02-20 12:00:00,43.0,410,81.77194444444444,0.21406,2005-02-17 00:06:05,1135.0,-9999.0,360.0,FH,1373.9,143.31,25.902906745480614,-5.557214064288176,22.43208999333255,63.54799239490534,1.1519173063162575,-9999.0,5,-43.0,1207.145,0,395.75,2.3498e-07,CME_0125_param_inv.csv
126,2005-05-13 17:12:05.000,2005-05-13 18:23:43.400,2005-05-15 06:00:00,90.0,630,35.60444444444445,0.42152,2005-05-13 17:12:05,1689.0,-9999.0,360.0,FH,2264.8,820.51,-10.694062718745627,-1.898144997100058,20.0,79.14071859305429,1.1519173063162575,-9999.0,15,-247.0,1776.1029999999998,0,207.02,1.4653e-08,CME_0126_param_inv.csv
127,2005-05-16 13:50:07.000,2005-05-16 19:09:22.960,2005-05-20 03:00:00,47.0,430,79.84361111111112,0.72682,2005-05-16 13:50:07,405.0,331.0,140.0,PH,614.04,137.07,27.75091598168037,-2.1987772644547103,20.0,62.16901322254801,0.7853981633974483,4300000000000000.0,10,-83.0,457.43499999999995,2.3815,401.03,1.0374e-07,CME_0127_param_inv.csv
128,2005-05-26 15:06:05.000,2005-05-26 17:45:01.040,2005-05-30 01:00:00,22.0,460,79.24944444444445,0.31735,2005-05-26 15:06:05,586.0,-9999.0,360.0,FH,1013.2,118.74,-12.115736085278295,4.009179276414472,20.0,77.24758030191904,1.1519173063162575,-9999.0,15,-113.0,643.322,0,457.39,1.3386e-06,CME_0128_param_inv.csv
129,2005-05-26 22:26:05.000,2005-05-27 01:43:20.360,2005-05-31 04:00:00,23.0,460,98.2775,0.60588,2005-05-26 21:26:10,420.0,144.0,199.0,HH,810.04,151.65,-14.030070496475178,2.0724060796960155,20.0,75.82073521076492,0.7853981633974483,1300000000000000.0,4,0,472.84,0,0,0,CME_0129_param_inv.csv
130,2005-07-07 17:06:07.000,2005-07-07 20:50:48.640,2005-07-10 10:00:00,42.0,430,61.153055555555554,0.41497,2005-07-07 17:06:07,683.0,-9999.0,360.0,FH,858.0,99.42,37.21204700705987,-2.542901341973161,28.043081818334848,52.71371779549309,0.7853981633974483,-9999.0,12,-92.0,742.9409999999999,0,0,0,CME_0130_param_inv.csv
131,2005-08-05 08:54:05.000,2005-08-05 12:11:29.000,2005-08-09 00:00:00,19.0,480,83.8086111111111,0.56507,2005-08-05 08:54:05,494.0,23.0,233.0,HH,871.48,155.74,12.326798489969564,13.47626875978163,20.0,71.81377536057762,0.7853981633974483,2900000000000000.0,6,-23.0,548.838,0,0,0,CME_0131_param_inv.csv
132,2005-08-22 01:31:48.000,2005-08-22 03:20:16.080,2005-08-24 14:00:00,9.0,660,58.661944444444444,0.16404,2005-08-22 01:31:48,1194.0,-9999.0,360.0,FH,1593.9,148.09,34.992346588447056,-2.7589397020099335,20.0,54.91289189198935,1.1519173063162575,5300000000000000.0,20,-216.0,1267.7379999999998,0,0,0,CME_0132_param_inv.csv
133,2005-08-31 11:30:05.000,2005-08-31 14:20:55.280,2005-09-02 18:00:00,10.0,650,51.65111111111111,0.4603,2005-08-31 11:30:05,825.0,-9999.0,360.0,FH,1621.3,376.98,12.80995996350795,12.881539931928598,20.0,71.91006325416629,1.1519173063162575,2400000000000000.0,10,-60.0,888.775,96.721,622.92,1.932e-07,CME_0133_param_inv.csv
134,2005-09-09 19:48:05.000,2005-09-09 20:55:48.320,2005-09-11 05:00:00,26.0,900,32.069722222222225,0.4321,2005-09-09 19:48:05,2257.0,-9999.0,360.0,FH,2586.4,647.45,-31.46270472952705,-5.112530746925307,20.0,58.16673365036301,1.1519173063162575,1.6e+17,10,-139.0,2359.439,-121.0,743.78,5.0744e-08,CME_0134_param_inv.csv
135,2006-04-10 06:06:04.000,2006-04-10 13:57:40.000,2006-04-13 15:00:00,16.0,520,73.03888888888889,1.6861,2006-04-10 06:06:04,183.0,232.0,251.0,HH,319.46,73.803,21.757411471378862,-11.984118750941205,20.0,65.30154305272694,0.5585053606381855,3000000000000000.0,18,-98.0,229.44099999999997,0,522.44,1.5406e-06,CME_0135_param_inv.csv
136,2006-07-06 08:54:04.000,2006-07-06 11:44:37.720,2006-07-10 21:00:00,22.0,380,105.25611111111111,0.27254,2006-07-06 08:54:04,911.0,-9999.0,360.0,FH,1139.1,218.33,-19.57509274536273,-6.09309994500275,20.0,69.53409689087978,1.1519173063162575,-9999.0,8,-27.0,977.0969999999999,1.3886,0,0,CME_0136_param_inv.csv
137,2006-08-16 16:30:04.000,2006-08-16 18:23:25.840,2006-08-20 13:00:00,27.0,400,90.60944444444445,0.2332,2006-08-16 16:30:04,888.0,-9999.0,360.0,FH,1373.7,167.74,9.634407659234077,-14.068122187781222,20.0,73.00419117301703,1.1519173063162575,1e+16,8,-79.0,953.4759999999999,0,397.53,1.2387e-06,CME_0137_param_inv.csv
138,2006-08-26 20:57:06.000,2006-08-26 23:16:20.880,2006-08-30 20:00:00,35.0,400,92.72749999999999,0.27371,2006-08-26 20:57:06,786.0,164.0,208.0,HH,1291.5,156.52,-6.024735226477352,-7.588754324567543,20.0,80.32146856751422,1.1519173063162575,7400000000000000.0,8,-35.0,848.722,0,0,0,CME_0138_param_inv.csv
139,2006-12-13 02:54:04.000,2006-12-13 04:04:10.600,2006-12-14 22:00:00,15.0,740,41.930277777777775,0.15376,2006-12-13 02:54:04,1774.0,-9999.0,360.0,FH,2234.5,302.88,22.306278372162783,-6.239857514248575,20.0,66.88037522577672,1.1519173063162575,4700000000000000.0,13,-162.0,1863.398,0,674.66,9.7146e-08,CME_0139_param_inv.csv
140,2006-12-14 22:30:04.000,2006-12-15 01:00:50.440,2006-12-17 00:00:00,17.0,580,46.98583333333333,0.081841,2006-12-14 22:30:04,1042.0,-9999.0,360.0,FH,1194.4,74.221,31.286893008043297,197.537668119028,20.0,-54.573133160101854,1.1519173063162575,7500000000000000.0,4,-56.0,1111.634,-11.511,175.82,8.8225e-09,CME_0140_param_inv.csv
141,2007-11-15 18:50:04.000,2007-11-16 15:44:58.000,2007-11-19 23:00:00,13.0,460,79.25055555555555,0.5826,2007-11-15 18:50:04,125.0,279.0,199.0,HH,234.24,19.566,62.57378601609237,-395.0753362380551,20.0,22.145417208697754,0.5585053606381855,380000000000000.0,18,-59.0,169.875,1.9549,0,0,CME_0141_param_inv.csv
142,2008-12-12 08:54:04.000,2008-12-12 21:38:06.400,2008-12-17 03:00:00,11.0,350,101.36472222222223,0.22146,2008-12-12 08:54:04,203.0,297.0,184.0,HH,422.42,18.229,72.99270072992701,-24.997500249975,20.0,15.372571558385774,0.5585053606381855,810000000000000.0,9,-15.0,249.981,6.8798,331.25,1.1609e-07,CME_0142_param_inv.csv
143,2010-02-07 03:54:03.000,2010-02-07 08:51:53.040,2010-02-11 08:00:00,19.0,360,95.135,0.46657,2010-02-07 03:54:03,421.0,-9999.0,360.0,FH,614.4,59.949,18.70376687443752,22.88480117329422,20.0,60.76625618917339,0.7853981633974483,-9999.0,7,-7.0,473.86699999999996,0,343.46,1.6574e-07,CME_0143_param_inv.csv
144,2010-04-03 10:33:58.000,2010-04-03 13:24:56.920,2010-04-05 12:00:00,26.0,640,46.58416666666667,0.28458,2010-04-03 10:33:58,668.0,-9999.0,360.0,FH,953.76,96.071,3.3725772711364432,-23.814259287035647,20.0,65.96189645916338,1.1519173063162575,-9999.0,9,-81.0,727.536,0,0,0,CME_0144_param_inv.csv
145,2010-04-08 04:54:07.000,2010-04-08 19:21:21.400,2010-04-12 01:00:00,14.0,410,77.6438888888889,0.066438,2010-04-08 04:54:07,264.0,249.0,160.0,PH,164.99,17.949,-238.91196636353365,-622.3869509981344,20.0,3.9225384188666936,0.5585053606381855,1300000000000000.0,11,-67.0,312.628,-2.5652,0,0,CME_0145_param_inv.csv
146,2010-05-24 14:06:05.000,2010-05-24 17:36:20.120,2010-05-28 19:00:00,22.0,360,97.39416666666666,0.54732,2010-05-24 14:06:05,427.0,-9999.0,360.0,FH,809.19,125.3,4.858955517408043,6.900680821986302,20.0,81.56705732341274,0.7853981633974483,-9999.0,14,-80.0,480.02899999999994,0,352.6,3.792e-07,CME_0146_param_inv.csv
147,2010-10-26 01:36:05.000,2010-10-26 18:22:56.600,2010-10-31 05:00:00,40.0,340,106.6175,0.33282,2010-10-26 01:36:05,214.0,198.0,83.0,N,395.9,5.2497,-909.2100295781667,-295.42024662245024,20.0,-25.069701100106315,0.7243116395776468,1.9e+16,9,-11.0,261.278,6.5388,332.83,3.2195e-07,CME_0147_param_inv.csv
148,2011-02-15 02:24:05.000,2011-02-15 05:07:09.440,2011-02-18 19:00:00,37.0,470,85.88055555555556,0.20454,2011-02-15 02:24:05,669.0,-9999.0,360.0,FH,1136.6,88.499,-2.167600194058156,-14.504301913217724,20.0,75.33806090699456,1.1519173063162575,4300000000000000.0,10,-32.0,728.563,0,0,0,CME_0148_param_inv.csv
149,2011-03-03 06:12:05.000,2011-03-03 13:39:30.560,2011-03-06 09:00:00,45.0,430,67.34138888888889,1.0405,2011-03-03 06:12:05,263.0,169.0,206.0,HH,530.26,136.8,-9.30538101420964,-18.361737937864653,20.0,69.48772149795849,0.7853981633974483,1400000000000000.0,6,-27.0,311.601,8.2248,0,0,CME_0149_param_inv.csv
150,2011-03-24 17:48:06.000,2011-03-25 10:31:57.600,2011-03-29 23:00:00,29.0,360,108.46722222222222,1.0736,2011-03-24 17:48:06,193.0,87.0,36.0,N,202.05,13.27,50.03317416825443,954.6898352253726,20.0,-21.794355006111264,0.3141592653589793,110000000000000.0,12,-4.0,239.71099999999998,0,366.63,3.7088e-07,CME_0150_param_inv.csv
151,2011-05-25 05:24:07.000,2011-05-25 16:45:03.400,2011-05-28 05:00:00,16.0,510,60.248888888888885,0.19418,2011-05-25 05:24:07,276.0,320.0,38.0,N,329.55,47.173,732.338487621743,-614.5049548603316,20.0,-15.128478730870553,0.3316125578789226,110000000000000.0,11,-80.0,324.952,1.5415,0,0,CME_0151_param_inv.csv
152,2011-06-02 07:24:05.000,2011-06-02 20:36:23.000,2011-06-05 02:00:00,17.0,510,53.39361111111111,0.52172,2011-06-02 07:24:05,253.0,74.0,61.0,N,258.6,10.34,263.5093121610512,918.9661813170328,20.0,6.136918995155468,0.5323254218582705,140000000000000.0,12,-45.0,301.33099999999996,0,0,0,CME_0152_param_inv.csv
153,2011-06-14 07:24:07.000,2011-06-14 12:12:07.360,2011-06-17 05:00:00,8.0,500,64.79777777777778,0.58891,2011-06-14 06:12:05,571.0,64.0,188.0,HH,941.28,85.111,6.50055242237888,17.131074946252685,20.0,71.71166892107922,1.1519173063162575,1.5e+16,9,-5.0,627.9169999999999,29.409,450.76,7.8326e-08,CME_0153_param_inv.csv
154,2011-08-02 06:36:05.000,2011-08-02 09:26:39.440,2011-08-05 05:00:00,9.0,430,67.55555555555556,0.30059,2011-08-02 06:36:05,712.0,288.0,268.0,HH,990.79,246.61,27.360975960480793,8.622139157216857,20.0,61.41298728164724,1.1519173063162575,5100000000000000.0,5,-15.0,772.7239999999999,-21.254,329.03,3.451e-08,CME_0154_param_inv.csv
155,2011-08-04 04:12:05.000,2011-08-04 05:53:12.800,2011-08-06 22:00:00,24.0,540,64.11305555555555,0.14374,2011-08-04 04:12:05,1315.0,-9999.0,360.0,FH,1533.4,331.24,34.94635920015272,23.81528438566291,20.0,48.581180096376976,1.1519173063162575,1.1e+16,4,-115.0,1392.0049999999999,-67.3,527.62,3.4568e-07,CME_0155_param_inv.csv
156,2011-09-06 23:05:57.000,2011-09-07 02:43:56.520,2011-09-10 03:00:00,12.0,470,72.2675,0.24899,2011-09-06 23:05:57,575.0,-9999.0,360.0,FH,753.29,126.86,27.458560267672826,16.171497143796177,20.0,58.45553659735455,0.7853981633974483,1.5e+16,14,-75.0,632.025,-3.4675,440.99,1.2021e-07,CME_0156_param_inv.csv
157,2011-09-14 00:00:05.000,2011-09-14 03:08:49.160,2011-09-17 14:00:00,16.0,430,82.85277777777777,0.46577,2011-09-14 00:00:05,408.0,334.0,242.0,HH,896.62,128.09,3.6194642425827492,-5.503998815393729,20.0,83.41561002928673,0.7853981633974483,2500000000000000.0,11,-72.0,460.51599999999996,0,423.84,5.3711e-07,CME_0157_param_inv.csv
158,2011-09-24 12:48:07.000,2011-09-24 14:05:30.280,2011-09-26 20:00:00,43.0,580,53.908055555555556,0.57279,2011-09-24 12:48:07,1915.0,-9999.0,360.0,FH,2541.4,748.78,4.17197445583938,12.392207197697806,20.0,76.9347857983832,1.1519173063162575,1.6e+16,7,-118.0,2008.205,53.752,543.16,1.3727e-07,CME_0158_param_inv.csv
159,2011-10-02 02:00:06.000,2011-10-02 14:49:57.600,2011-10-05 10:00:00,12.0,450,67.16722222222222,0.15561,2011-10-02 02:00:06,259.0,167.0,103.0,PH,261.6,3.2888,-84.59585126476203,-7.537941407198426,20.0,5.357310033690178,0.5585053606381855,300000000000000.0,12,-43.0,307.493,0,0,0,CME_0159_param_inv.csv
160,2011-10-22 01:25:53.000,2011-10-22 04:54:11.840,2011-10-24 22:00:00,18.0,460,65.09666666666666,0.45888,2011-10-22 01:25:53,593.0,-9999.0,360.0,FH,966.1,151.43,-7.031179709114346,1.2081469094787836,20.0,82.8662932202232,1.1519173063162575,1.6e+16,21,-147.0,650.511,17.703,363.56,3.7164e-08,CME_0160_param_inv.csv
161,2011-10-27 12:00:06.000,2011-10-27 16:13:00.360,2011-11-02 01:00:00,27.0,380,128.78305555555556,0.32398,2011-10-27 12:00:06,570.0,-9999.0,360.0,FH,724.61,117.78,-14.903109120841144,30.467974918905373,20.0,56.39985069571433,0.7853981633974483,5800000000000000.0,6,-66.0,626.89,-5.7423,0,0,CME_0161_param_inv.csv
162,2011-11-09 13:36:05.000,2011-11-09 16:02:44.480,2011-11-13 10:00:00,40.0,370,89.95416666666667,0.18027,2011-11-09 13:36:05,907.0,-9999.0,360.0,FH,1131.0,188.96,-15.759663129210892,10.625911226109675,20.0,71.06831814982309,1.1519173063162575,1.4e+16,5,-13.0,972.9889999999999,-29.958,355.01,2.0205e-07,CME_0162_param_inv.csv
163,2011-11-26 07:12:06.000,2011-11-26 10:03:52.440,2011-11-29 00:00:00,8.0,450,61.93527777777778,0.21186,2011-11-26 07:12:06,933.0,-9999.0,360.0,FH,1173.8,166.3,20.893395872091148,10.532750736354089,20.0,66.7083607283107,1.1519173063162575,1.2e+16,15,-25.0,999.6909999999999,10.263,329.38,3.1872e-08,CME_0163_param_inv.csv
164,2012-01-18 12:24:05.000,2012-01-18 19:03:45.680,2012-01-21 06:00:00,26.0,320,58.937222222222225,0.59738,2012-01-18 12:24:05,267.0,172.0,203.0,HH,465.94,44.57,6.460339120760988,7.925574930313372,20.0,79.7880483874258,0.5585053606381855,2200000000000000.0,10,-10.0,315.709,0,0,0,CME_0164_param_inv.csv
165,2012-01-19 14:36:05.000,2012-01-19 17:32:31.160,2012-01-22 23:00:00,8.0,450,77.45777777777778,0.16904,2012-01-19 14:36:05,1120.0,-9999.0,360.0,FH,1772.3,97.494,8.256139971500714,-13.0902377440564,20.0,74.56217628715385,1.1519173063162575,1.9e+16,9,-71.0,1191.74,119.0,442.26,4.604e-07,CME_0165_param_inv.csv
166,2012-02-24 03:46:02.000,2012-02-24 07:14:15.080,2012-02-27 19:00:00,21.0,440,83.76222222222222,0.18437,2012-02-24 03:46:02,800.0,341.0,189.0,HH,995.19,115.54,44.49486517116097,14.512790240325325,20.0,43.67387300639299,1.1519173063162575,6300000000000000.0,13,-57.0,863.0999999999999,18.003,438.84,2.8408e-06,CME_0166_param_inv.csv
167,2012-03-07 00:24:06.000,2012-03-07 01:16:10.296,2012-03-09 03:00:00,52.0,550,49.73027777777778,0.61788,2012-03-07 00:24:06,2684.0,-9999.0,360.0,FH,3567.4,840.76,-6.9287186749214245,11.368959978959412,20.0,76.70985084381469,1.1519173063162575,1.4e+16,7,-145.0,2797.968,-139.8,479.97,7.795e-08,CME_0167_param_inv.csv
168,2012-03-13 17:36:05.000,2012-03-13 18:56:12.440,2012-03-15 17:00:00,17.0,680,46.06305555555555,0.35424,2012-03-13 17:36:05,1884.0,-9999.0,360.0,FH,2283.1,578.84,14.047791610419479,16.459675516224188,20.0,68.4876527611059,1.1519173063162575,2.3e+16,9,-88.0,1976.368,10.002,629.59,1.1597e-07,CME_0168_param_inv.csv
169,2012-05-12 00:00:05.000,2012-05-12 01:49:45.440,2012-05-16 16:00:00,30.0,370,110.17055555555555,0.57666,2012-05-12 00:00:05,805.0,-9999.0,360.0,FH,1493.5,463.99,-5.68517132522697,-1.3420158413452175,53.35764807144378,84.15908699277817,1.1519173063162575,4600000000000000.0,10,-39.0,868.2349999999999,0,0,0,CME_0169_param_inv.csv
170,2012-06-14 14:12:07.000,2012-06-14 16:40:10.360,2012-06-16 23:00:00,13.0,440,54.33027777777778,0.1756,2012-06-14 14:12:07,987.0,-9999.0,360.0,FH,1179.4,173.85,-8.849619640646441,-25.37261113572346,20.0,63.22520225622594,1.1519173063162575,1.2e+16,28,-86.0,1055.149,-15.758,26.173,7.9214e-09,CME_0170_param_inv.csv
171,2012-07-02 08:36:04.000,2012-07-02 10:39:26.680,2012-07-05 00:00:00,32.0,470,61.3425,0.20582,2012-07-02 08:36:04,1074.0,-9999.0,360.0,FH,1350.5,286.91,6.633527402567397,17.912655909019662,20.0,70.93635418140475,1.1519173063162575,6000000000000000.0,8,-19.0,1144.4979999999998,-37.398,387.68,5.0304e-08,CME_0171_param_inv.csv
172,2012-07-04 17:24:04.000,2012-07-04 20:39:47.200,2012-07-09 00:00:00,14.0,410,99.33666666666667,0.4536,2012-07-04 17:24:04,662.0,-9999.0,360.0,FH,953.92,140.6,20.57693584236197,-12.55088080964887,20.0,66.03998491284526,1.1519173063162575,340000000000000.0,12,-78.0,721.3739999999999,0,0,0,CME_0172_param_inv.csv
173,2012-07-12 16:48:05.000,2012-07-12 18:59:30.440,2012-07-15 06:00:00,47.0,490,59.00805555555556,0.94641,2012-07-12 16:48:05,885.0,-9999.0,360.0,FH,1379.7,618.67,4.668517282693918,-13.523781368368283,20.0,75.70729988161114,1.1519173063162575,6900000000000000.0,16,-139.0,950.3949999999999,0,403.91,4.9857e-08,CME_0173_param_inv.csv
174,2012-09-28 00:12:05.000,2012-09-28 02:45:48.200,2012-10-01 00:00:00,24.0,370,69.23638888888888,0.15815,2012-09-28 00:12:05,947.0,-9999.0,360.0,FH,999.16,260.76,33.02053614600869,3.230149031050829,20.0,56.839664445058055,1.1519173063162575,9200000000000000.0,14,-122.0,1014.069,-42.44,185.35,1.6798e-08,CME_0174_param_inv.csv
175,2012-10-05 02:48:05.000,2012-10-05 07:22:19.520,2012-10-08 18:00:00,18.0,390,82.62777777777778,0.59097,2012-10-05 02:48:05,612.0,258.0,284.0,FH,1066.9,113.91,17.910065415982707,-11.301559042526291,20.0,68.92163203841966,1.1519173063162575,1e+16,16,-107.0,670.024,43.405,364.55,1.273e-07,CME_0175_param_inv.csv
176,2012-10-27 16:48:05.000,2012-10-27 23:58:50.120,2012-11-01 00:00:00,27.0,340,96.01916666666666,0.92955,2012-10-27 16:48:05,317.0,-9999.0,360.0,FH,605.03,79.811,-4.3505788690062825,-8.068060071888487,20.0,80.84053419948742,0.7853981633974483,4900000000000000.0,11,-65.0,367.05899999999997,14.534,306.42,7.6454e-08,CME_0176_param_inv.csv
177,2012-11-09 15:12:08.000,2012-11-09 19:29:33.800,2012-11-13 08:00:00,19.0,380,84.50722222222223,0.365,2012-11-09 15:12:08,559.0,175.0,276.0,FH,822.42,146.06,-27.674363729291905,-9.433228853012746,20.0,60.88275183074175,0.7853981633974483,5000000000000000.0,21,-108.0,615.593,12.213,346.52,9.1283e-08,CME_0177_param_inv.csv
178,2012-11-20 12:00:07.000,2012-11-20 15:38:22.720,2012-11-24 12:00:00,22.0,380,92.36027777777778,0.49126,2012-11-20 12:00:07,619.0,-9999.0,360.0,FH,986.34,155.76,18.632348118022563,18.812846464741785,20.0,63.76197456772472,1.1519173063162575,8400000000000000.0,12,-40.0,677.213,15.626,373.06,4.2853e-07,CME_0178_param_inv.csv
179,2012-11-23 13:48:06.000,2012-11-23 17:19:00.720,2012-11-26 12:00:00,41.0,450,66.68305555555555,0.55857,2012-11-23 13:48:06,519.0,-9999.0,360.0,FH,912.76,231.65,-8.301138295390153,-5.29114766174461,20.0,80.16593336552283,1.1519173063162575,6900000000000000.0,6,-8.0,574.5129999999999,8.8008,349.63,3.4106e-08,CME_0179_param_inv.csv
180,2013-01-13 12:00:06.000,2013-01-13 22:37:25.200,2013-01-17 16:00:00,20.0,390,89.37611111111111,0.55336,2013-01-13 12:00:06,229.0,348.0,176.0,PH,391.87,93.407,48.65136280398246,-6.756117555515275,20.0,40.99943747405374,0.5585053606381855,320000000000000.0,12,-52.0,276.683,4.6234,0,0,CME_0180_param_inv.csv
181,2013-03-15 07:12:05.000,2013-03-15 09:23:02.720,2013-03-17 15:00:00,49.0,520,53.615833333333335,0.21222,2013-03-15 07:12:05,1063.0,-9999.0,360.0,FH,1402.0,313.96,-10.320301251022245,10.86539854568236,20.0,75.05734560968453,1.1519173063162575,1.3e+16,9,-132.0,1133.2009999999998,24.431,388.89,3.4401e-08,CME_0181_param_inv.csv
182,2013-04-11 07:24:06.000,2013-04-11 09:26:44.760,2013-04-14 17:00:00,30.0,410,79.55416666666666,0.27367,2013-04-11 07:24:06,861.0,-9999.0,360.0,FH,1336.7,367.06,-17.11551419862759,5.743777032491969,20.0,71.97379820455711,1.1519173063162575,2.2e+16,9,-6.0,925.747,-40.551,389.59,1.6741e-07,CME_0182_param_inv.csv
183,2013-06-23 22:36:05.000,2013-06-24 09:05:47.000,2013-06-28 02:00:00,34.0,390,88.9036111111111,1.9868,2013-06-23 22:36:05,174.0,284.0,174.0,PH,291.45,59.428,11.066136582014858,-10.57295464367546,20.0,74.74057256794718,0.5585053606381855,390000000000000.0,10,-102.0,220.19799999999998,0,0,0,CME_0183_param_inv.csv
184,2013-07-09 15:12:09.000,2013-07-09 20:30:55.800,2013-07-13 05:00:00,43.0,430,80.48444444444445,0.27335,2013-07-09 15:12:09,449.0,-9999.0,360.0,FH,600.4,32.91,27.898455407779895,-18.422941529406728,20.0,56.98040037843467,0.7853981633974483,3400000000000000.0,13,-81.0,502.62299999999993,0,404.61,1.183e-07,CME_0184_param_inv.csv
185,2013-09-29 22:12:05.000,2013-09-30 00:31:59.840,2013-10-02 23:00:00,23.0,470,70.46666666666667,0.17994,2013-09-29 22:12:05,1179.0,-9999.0,360.0,FH,1382.7,109.74,27.35385490951387,19.932713588107468,58.8000071365507,56.613521648736594,1.1519173063162575,2.2e+16,7,-72.0,1252.3329999999999,0,449.16,1.8498e-07,CME_0185_param_inv.csv
186,2013-10-06 14:43:22.000,2013-10-06 18:01:46.480,2013-10-09 09:00:00,39.0,480,62.97027777777778,0.34294,2013-10-06 14:43:22,567.0,-9999.0,360.0,FH,869.57,96.571,9.988722678596911,-12.054244525813152,20.0,74.39231032065312,0.7853981633974483,460000000000000.0,6,-69.0,623.809,0,339.59,2.3093e-08,CME_0186_param_inv.csv
187,2013-12-12 03:36:05.000,2013-12-12 05:50:26.480,2013-12-15 16:00:00,13.0,460,82.15916666666666,0.23145,2013-12-12 03:36:05,1002.0,214.0,276.0,FH,1290.5,265.95,-35.01999976000241,3.895241987580125,20.0,54.79155622374729,1.1519173063162575,1.4e+16,7,-23.0,1070.5539999999999,-33.06,0,0,CME_0187_param_inv.csv
188,2014-02-04 01:25:46.000,2014-02-04 03:53:12.280,2014-02-08 01:00:00,35.0,420,93.11305555555555,0.32026,2014-02-04 01:25:46,528.0,233.0,181.0,HH,956.41,223.58,-17.92470378349673,-11.956269393259133,20.0,68.56312398614278,1.1519173063162575,6900000000000000.0,9,-39.0,583.756,-5.6127,0,0,CME_0188_param_inv.csv
189,2014-02-12 06:00:05.000,2014-02-12 13:40:45.440,2014-02-16 05:00:00,11.0,380,87.32055555555556,2.2096,2014-02-12 06:00:05,373.0,-9999.0,360.0,FH,421.23,129.59,-6.534305272211394,-9.348860780940438,162.6060594820429,78.61060054956775,0.5585053606381855,5000000000000000.0,15,-24.0,424.57099999999997,0,0,0,CME_0189_param_inv.csv
190,2014-04-02 13:36:20.000,2014-04-02 15:23:06.200,2014-04-05 22:00:00,31.0,380,78.61472222222223,0.20418,2014-04-02 13:36:20,1471.0,-9999.0,360.0,FH,1815.7,276.23,8.50647184540673,-11.467038271774669,20.0,75.75630315094008,1.1519173063162575,1.4e+16,13,-15.0,1552.2169999999999,1.0945,346.95,1.0449e-07,CME_0190_param_inv.csv
191,2014-04-18 13:25:51.000,2014-04-18 15:14:01.800,2014-04-21 07:00:00,26.0,540,63.766111111111115,0.13845,2014-04-18 13:25:51,1203.0,-9999.0,360.0,FH,1494.6,326.11,9.97872459927633,-23.621255009858725,20.0,64.4692112930013,1.1519173063162575,2e+16,6,-32.0,1276.981,21.187,526.12,3.0929e-07,CME_0191_param_inv.csv
192,2014-08-15 17:48:07.000,2014-08-15 23:25:00.280,2014-08-19 16:00:00,37.0,360,88.58305555555556,0.37461,2014-08-15 17:48:07,342.0,-9999.0,360.0,FH,544.82,38.494,17.4915089783692,17.566425133094032,20.0,65.4067854397051,0.7853981633974483,2300000000000000.0,17,-28.0,392.734,0,257.39,1.9649e-08,CME_0192_param_inv.csv
193,2014-09-10 18:00:05.000,2014-09-10 19:41:36.560,2014-09-12 22:00:00,28.0,600,50.30638888888889,0.18734,2014-09-10 18:00:05,1267.0,-9999.0,360.0,FH,1543.8,395.06,-6.893375325969388,16.374822841614716,20.0,72.27004327066297,1.1519173063162575,2.1e+16,20,-88.0,1342.7089999999998,-69.213,518.52,6.2385e-08,CME_0193_param_inv.csv
194,2014-09-12 18:24:05.000,2014-09-12 21:06:02.480,2014-09-17 02:00:00,42.0,310,100.89916666666667,0.4168,2014-09-12 18:24:05,808.0,335.0,217.0,HH,1308.9,207.62,8.788715910567985,-5.666539398488373,20.0,79.55496293919931,1.1519173063162575,1.2e+16,9,-18.0,871.3159999999999,25.792,289.96,1.3465e-07,CME_0194_param_inv.csv
195,2014-12-17 05:00:05.000,2014-12-17 08:23:00.200,2014-12-22 04:00:00,13.0,380,115.61638888888889,0.27995,2014-12-17 05:00:05,587.0,-9999.0,360.0,FH,800.78,152.9,4.578280312584325,-26.802241578092694,20.0,62.83810578142053,0.7853981633974483,1.2e+16,16,-71.0,644.3489999999999,-11.685,0,0,CME_0195_param_inv.csv
196,2015-01-03 03:12:08.000,2015-01-03 18:40:05.600,2015-01-07 07:00:00,13.0,450,84.33166666666666,5.47,2015-01-03 03:12:08,163.0,118.0,153.0,PH,208.69,79.533,27.00191038793696,-1.8224114359373358,129.60036073612935,62.94127243664546,0.5585053606381855,2800000000000000.0,16,-99.0,208.90099999999998,0,451.76,1.8582e-06,CME_0196_param_inv.csv
197,2015-03-15 01:48:05.000,2015-03-15 04:15:42.800,2015-03-17 13:00:00,16.0,560,56.738055555555555,0.25458,2015-03-15 01:48:05,719.0,-9999.0,360.0,FH,1116.4,194.87,12.602243559332745,-15.96503617362112,20.0,69.76255657372596,1.1519173063162575,3e+16,20,-223.0,779.9129999999999,-18.333,495.51,6.8029e-08,CME_0197_param_inv.csv
198,2015-06-21 02:36:05.000,2015-06-21 04:15:35.960,2015-06-23 02:00:00,36.0,610,45.739999999999995,0.27666,2015-06-21 02:36:05,1366.0,-9999.0,360.0,FH,1810.4,481.99,-8.524274185020255,8.537180380752046,20.0,77.95809966008198,1.1519173063162575,9600000000000000.0,14,-204.0,1444.3819999999998,4.1032,477.9,4.1416e-08,CME_0198_param_inv.csv
200,2015-07-10 02:24:04.000,2015-07-10 12:26:13.600,2015-07-13 06:00:00,33.0,490,65.56277777777778,0.37579,2015-07-10 02:24:04,348.0,181.0,138.0,PH,613.06,14.088,-57.791940402979854,-23.0410029498525,20.0,29.37184615379833,0.7853981633974483,4800000000000000.0,8,-61.0,398.89599999999996,15.378,0,0,CME_0200_param_inv.csv
201,2015-08-12 14:48:05.000,2015-08-12 19:38:27.920,2015-08-15 21:00:00,11.0,500,73.35888888888888,0.20863,2015-08-12 14:48:05,647.0,221.0,204.0,HH,783.18,56.621,55.30482898689972,-16.734663345080456,20.0,33.03172343461957,0.7853981633974483,7700000000000000.0,12,-84.0,705.9689999999999,9.9856,497.56,1.5362e-06,CME_0201_param_inv.csv
202,2015-09-04 19:36:04.000,2015-09-05 09:07:01.600,2015-09-08 00:00:00,39.0,460,62.882777777777775,0.64505,2015-09-04 19:36:04,217.0,127.0,64.0,N,242.33,12.156,-575.3351621333583,763.4955476052119,20.0,-36.28424726146482,0.5585053606381855,1800000000000000.0,15,-94.0,264.359,0,0,0,CME_0202_param_inv.csv
203,2015-09-18 05:00:06.000,2015-09-18 08:04:42.120,2015-09-21 08:00:00,17.0,510,71.92138888888888,0.31498,2015-09-18 05:00:06,823.0,201.0,131.0,PH,1247.9,189.29,1.3546359227346245,-9.389018516358064,20.0,80.5146296025314,1.1519173063162575,7800000000000000.0,5,-75.0,886.7209999999999,45.936,508.1,2.0254e-06,CME_0203_param_inv.csv
204,2015-11-04 14:48:04.000,2015-11-04 17:54:55.480,2015-11-07 06:00:00,34.0,500,60.08444444444444,0.33999,2015-11-04 14:48:04,578.0,-9999.0,360.0,FH,948.3,110.52,0.17631514339322654,6.27832379553332,20.0,83.71921086258152,1.1519173063162575,6600000000000000.0,13,-89.0,635.106,0,365.72,2.6493e-08,CME_0204_param_inv.csv
205,2015-12-16 09:36:04.000,2015-12-16 12:04:07.000,2015-12-20 03:00:00,41.0,400,86.93138888888889,0.36738,2015-12-16 09:36:04,579.0,-9999.0,360.0,FH,1079.9,169.37,-4.801004917106756,-0.4333018877286066,20.0,85.1795270861273,1.1519173063162575,2300000000000000.0,15,-155.0,636.1329999999999,0,391.32,3.6333e-07,CME_0205_param_inv.csv
206,2015-12-28 12:12:05.000,2015-12-28 14:25:11.960,2015-12-31 17:00:00,42.0,440,74.58,0.19284,2015-12-28 12:12:05,1212.0,-9999.0,360.0,FH,1520.5,237.89,7.898231679671748,-23.038302391338707,20.0,65.71538482250871,1.1519173063162575,1.9e+16,10,-117.0,1286.224,17.08,420.32,1.8584e-07,CME_0206_param_inv.csv
207,2016-01-14 23:24:05.000,2016-01-15 11:30:23.000,2016-01-19 10:00:00,38.0,370,94.49361111111111,1.3133,2016-01-14 23:24:05,191.0,-9999.0,360.0,FH,264.55,30.133,11.451849976188099,-27.521607764488213,20.0,60.36365208967809,0.5585053606381855,3000000000000000.0,14,-93.0,237.65699999999998,0,0,0,CME_0207_param_inv.csv
208,2016-04-10 11:12:05.000,2016-04-10 16:02:12.440,2016-04-14 09:00:00,19.0,420,88.96305555555556,0.2475,2016-04-10 11:12:05,543.0,26.0,136.0,PH,685.6,121.65,70.08326291842705,10.922139596510087,20.0,19.541130092655443,0.7853981633974483,4600000000000000.0,8,-59.0,599.161,4.4028,0,0,CME_0208_param_inv.csv
209,2016-07-17 10:48:05.000,2016-07-17 17:45:17.960,2016-07-20 07:00:00,56.0,440,61.245,0.64782,2016-07-17 10:48:05,340.0,-9999.0,360.0,FH,510.31,73.047,22.63068106637867,2.562494190116198,20.0,67.23228203752481,0.7853981633974483,610000000000000.0,10,-23.0,390.67999999999995,4.6344,0,0,CME_0209_param_inv.csv
210,2016-07-28 22:24:05.000,2016-07-29 08:20:33.680,2016-08-02 14:00:00,13.0,420,101.65722222222222,0.78641,2016-07-28 22:24:05,265.0,252.0,120.0,PH,523.18,45.32,-35.77000399960004,-16.70986601339866,20.0,50.996564929452354,0.7853981633974483,390000000000000.0,20,-14.0,313.655,10.791,0,0,CME_0210_param_inv.csv
211,2016-11-05 04:24:05.000,2016-11-05 12:45:10.040,2016-11-10 00:00:00,16.0,360,107.24694444444444,0.0056422,2016-11-05 04:24:05,350.0,58.0,33.0,N,560.15,1.1645,506.60281660694386,810.7339799255432,20.0,0.612776355825855,0.2879793265790644,590000000000000.0,11,-59.0,400.95,10.303,0,0,CME_0211_param_inv.csv
212,2017-05-23 05:00:06.000,2017-05-23 10:07:51.120,2017-05-27 22:00:00,40.0,360,107.86888888888889,2.8492,2017-05-23 05:00:06,259.0,215.0,243.0,HH,573.68,329.94,0.8937543394055075,-2.3159197844371673,66.59041493733724,87.51769337408007,0.7853981633974483,-9999.0,16,-122.0,307.493,0,0,0,CME_0212_param_inv.csv
214,2017-09-04 20:36:05.000,2017-09-04 22:19:25.280,2017-09-07 20:00:00,8.0,490,69.67611111111111,0.14007,2017-09-04 20:36:05,1418.0,-9999.0,360.0,FH,1808.0,151.95,6.258944129375955,-11.196096040093636,20.0,77.19271063138333,1.1519173063162575,-9999.0,10,-17.0,1497.7859999999998,0,477.57,3.1769e-07,CME_0214_param_inv.csv
215,2017-09-06 12:24:05.000,2017-09-06 14:00:38.840,2017-09-08 11:00:00,58.0,590,44.98916666666666,0.18527,2017-09-06 12:24:05,1571.0,-9999.0,360.0,FH,1845.7,361.77,31.72750739340409,-3.2261830316208444,20.0,58.12592728925192,1.1519173063162575,-9999.0,7,-124.0,1654.917,-2.3911,420.03,3.1995e-08,CME_0215_param_inv.csv
216,2018-03-06 01:25:41.000,2018-03-07 02:01:12.200,2018-03-09 22:00:00,26.0,410,67.97972222222222,1.3987,2018-03-06 01:25:41,127.0,234.0,136.0,PH,134.2,7.8708,-60.00186993766876,-11.346556781440619,20.0,29.35371769022366,0.5585053606381855,-9999.0,14,-39.0,171.929,0,0,0,CME_0216_param_inv.csv
